[
  {
    "name": "Samuel Patrick",
    "rating": "4.3/5.0",
    "message": "“Great courses, a wonder teacher learning from basic to pro level... buy the course you will not regret it.”"
  },
  {
    "name": "Uche Abraham",
    "rating": "4.3/5.0",
    "message": "“Great courses, a wonder teacher learning from basic to pro level... buy the course you will not regret it.”"
  },
  {
    "name": "Moses Anyanwu",
    "rating": "4.3/5.0",
    "message": "“Great courses, a wonder teacher learning from basic to pro level... buy the course you will not regret it.”"
  },
  {
    "name": "Christian Victor",
    "rating": "4.3/5.0",
    "message": "“Great courses, a wonder teacher learning from basic to pro level... buy the course you will not regret it.”"
  }
]
