[
  {
    "name": "Mela Winning Ozioma",
    "rating": "4.3/5.0",
    "message": "“An amazing course! The content is structured perfectly for both beginners and advanced learners in crypto and DeFi.”",
    "imageUrl": "mela-winning-ozioma.jpg"
  },
  {
    "name": "Victor Ogwezi",
    "rating": "4.4/5.0",
    "message": "“The instructor's explanations are clear and practical, making complex topics easy to grasp.”",
    "imageUrl": "victor-ogwezi.jpg"
  },
  {
    "name": "Chima Richard",
    "rating": "4.8/5.0",
    "message": "“One of the best crypto courses out there! I learned so much about trading strategies and market analysis.”",
    "imageUrl": "chima-richard.jpg"
  }
]
